x_coordinate,y_coordinate,shot_type,made_shot,shooter_x,shooter_y,rim_x,rim_y
-6.272994057631877,32.81360055892802,3PT,1,-6.272994057631877,32.81360055892802,-1.2497028574367866,5.408557533669932
22.53571532049581,25.19652921817366,3PT,0,22.53571532049581,25.19652921817366,1.1454712862953709,4.69096573650446
11.599697090570253,14.547797965457404,Inside 3PT,0,11.599697090570253,14.547797965457404,-0.694786233381798,3.6890725504957027
4.93292420985183,38.24836592622659,3PT,0,4.93292420985183,38.24836592622659,-0.8226993734784459,4.446089006452784
-17.199067977878173,32.18236511003233,3PT,0,-17.199067977878173,32.18236511003233,0.5112852160048201,5.3984972732805545
-17.200273983189867,7.642996149209891,Inside 3PT,0,-17.200273983189867,7.642996149209891,1.2198762031696364,4.738565968850559
-22.095819391590027,42.813577671210595,3PT,0,-22.095819391590027,42.813577671210595,0.6921364092552591,4.250348883852545
18.308807288746756,38.65925041738894,3PT,0,18.308807288746756,38.65925041738894,0.2819545600261798,4.497612539385892
5.055750587160439,44.64059592472043,3PT,1,5.055750587160439,44.64059592472043,0.297377170832643,5.170310013252276
10.403628889802278,34.10881689425292,3PT,0,10.403628889802278,34.10881689425292,0.42670777939015386,5.0233667841006895
-23.97077528520988,28.830514208982123,3PT,1,-23.97077528520988,28.830514208982123,0.37946429489338257,4.630533950415153
23.495492608099717,19.657422705659087,3PT,0,23.495492608099717,19.657422705659087,0.1405957119846879,4.566587794092656
16.622132040021086,43.838238717638625,3PT,0,16.622132040021086,43.838238717638625,0.052100551975938034,4.554120925478089
-14.383044466086192,40.70500280651919,3PT,1,-14.383044466086192,40.70500280651919,-0.03129656394976121,4.288794907750749
-15.908751639644969,2.125277494990902,Inside 3PT,0,-15.908751639644969,2.125277494990902,-0.37698229443333814,5.557687844734721
-15.82977450732831,1.2392478013708441,Inside 3PT,0,-15.82977450732831,1.2392478013708441,-0.14033753843338703,4.58883976539433
-9.787887852023115,17.69377824326833,Inside 3PT,1,-9.787887852023115,17.69377824326833,-0.8464784070976927,5.358579260412748
1.2378215816118932,38.096006546746146,3PT,0,1.2378215816118932,38.096006546746146,-0.049169813397374945,5.5106580259612254
-3.402749067894213,46.40197807780239,3PT,0,-3.402749067894213,46.40197807780239,-0.49429555357545873,5.24915544907398
-10.438542990097904,7.069593881865824,Inside 3PT,1,-10.438542990097904,7.069593881865824,-0.5517946586078855,4.534189843640976
5.592644736118974,27.92414362155035,3PT,0,5.592644736118974,27.92414362155035,0.08994707557673923,4.951865045168304
-18.02530696739791,17.90187026165801,Inside 3PT,1,-18.02530696739791,17.90187026165801,0.6960011431722997,4.737902196804542
-10.392767573239093,45.58597669728635,3PT,0,-10.392767573239093,45.58597669728635,0.4591583030011565,4.298149069634936
-6.681907835315414,39.579589387378306,3PT,0,-6.681907835315414,39.579589387378306,-0.7852503018115885,4.912179640860802
-2.196500789148203,39.40144912142348,3PT,0,-2.196500789148203,39.40144912142348,-0.4948140682851688,4.160480104420099
14.25879806965068,22.0285785103636,Inside 3PT,0,14.25879806965068,22.0285785103636,0.47038559399410795,5.343839694230782
-15.016310892082013,19.496516609870262,Inside 3PT,0,-15.016310892082013,19.496516609870262,-0.4912436967691548,4.517691351350804
0.7117219206805814,12.850132380743194,Inside 3PT,0,0.7117219206805814,12.850132380743194,-0.1123165749985123,4.85057982793642
4.620728443102124,2.6496483425935744,Inside 3PT,1,4.620728443102124,2.6496483425935744,0.27502604951227594,4.891643935773071
-22.677479364000114,40.6419516839875,3PT,0,-22.677479364000114,40.6419516839875,-0.48417222743181765,4.620547513147962
5.37724259507192,38.20634742911365,3PT,1,5.37724259507192,38.20634742911365,0.05268775307297995,5.043346900737637
-16.473793815635425,46.98673064444814,3PT,0,-16.473793815635425,46.98673064444814,-0.6670127474591022,4.512548171688738
-21.747420350736025,46.84193134247355,3PT,1,-21.747420350736025,46.84193134247355,-0.30068382197560684,5.185648648728622
22.444276862666662,26.105290163323488,3PT,1,22.444276862666662,26.105290163323488,0.15989096707126849,4.077010159876625
23.281601653727968,36.14240851348399,3PT,1,23.281601653727968,36.14240851348399,-0.7964968667658346,4.813189789773206
15.419867405823055,44.403989304474116,3PT,0,15.419867405823055,44.403989304474116,0.2202373689801995,5.719464499529142
-9.769311541331465,39.93342736183834,3PT,1,-9.769311541331465,39.93342736183834,-0.009818899463340608,4.249834337697212
-20.116394299680806,11.62536078193029,Inside 3PT,0,-20.116394299680806,11.62536078193029,0.2762449772085739,4.411127514737574
9.211651325607846,21.175574359574394,Inside 3PT,1,9.211651325607846,21.175574359574394,0.11195706703233071,5.006953924829458
-2.9923753130199344,6.070492512120264,Layup,1,-2.9923753130199344,6.070492512120264,0.6820702149869221,4.839790890969799
-18.89808825776106,44.84039828115995,3PT,0,-18.89808825776106,44.84039828115995,0.06261225132395364,4.9253150496367795
-0.24115449443648984,28.49020781919136,Inside 3PT,0,-0.24115449443648984,28.49020781919136,-0.2147027705626265,4.994593565073831
-23.28057394423908,10.746211858662749,3PT,1,-23.28057394423908,10.746211858662749,0.06114875151614189,5.067360734280885
20.4660201039391,31.569932167075265,3PT,0,20.4660201039391,31.569932167075265,0.27164901451819395,5.3048499209781115
-12.061000919999154,29.052027301521104,3PT,0,-12.061000919999154,29.052027301521104,0.024430035162852165,4.9549093284642565
8.126114217699097,16.833647747543502,Inside 3PT,0,8.126114217699097,16.833647747543502,0.02029584560194119,4.629371172690729
-9.414446195529452,5.337206833382564,Inside 3PT,1,-9.414446195529452,5.337206833382564,-0.3509958439033777,5.086286850601366
1.0034010588905389,31.56394019286158,3PT,1,1.0034010588905389,31.56394019286158,-0.3314504587754741,5.699940967447608
2.3355139671639833,24.454461942478286,Inside 3PT,0,2.3355139671639833,24.454461942478286,-0.7013026358998468,4.683683126808713
-15.757277223723648,36.29896441157505,3PT,1,-15.757277223723648,36.29896441157505,0.8747883715934697,4.262735347664679
23.47923138822793,24.447684552263688,3PT,0,23.47923138822793,24.447684552263688,-0.6219316176956425,5.303540334643486
13.75664116805573,40.05253051497139,3PT,0,13.75664116805573,40.05253051497139,-0.34645259889795366,4.689809418023201
21.974947078209453,25.93962142240082,3PT,0,21.974947078209453,25.93962142240082,-0.3592036327845987,3.6636652269929817
19.741367521382443,26.364084662163155,3PT,0,19.741367521382443,26.364084662163155,0.44746218847222063,5.173710838575211
4.894998940554256,41.202719324942215,3PT,0,4.894998940554256,41.202719324942215,-0.1474748391460139,4.482335907023039
21.093711751155844,18.96369471198266,3PT,0,21.093711751155844,18.96369471198266,0.6238710363368669,4.704733358847919
-20.575374897404025,6.298715737180115,Inside 3PT,0,-20.575374897404025,6.298715737180115,-0.33674531212193426,4.915990165284507
-15.20085687904274,1.3527857867269317,Inside 3PT,1,-15.20085687904274,1.3527857867269317,0.13949708111190098,4.845249839889533
-22.738635554473095,35.49145101666009,3PT,0,-22.738635554473095,35.49145101666009,-0.41767352662987867,5.104725908569519
-8.733483461836784,29.15454891361284,3PT,0,-8.733483461836784,29.15454891361284,1.0725745638866941,4.532256814715078
-5.5661355155259,33.091749100663506,3PT,0,-5.5661355155259,33.091749100663506,-0.5937992095147564,5.0065528990880415
-11.432548411305204,10.009315590918805,Inside 3PT,0,-11.432548411305204,10.009315590918805,0.15491035511351375,4.620226661208042
16.436875457596464,6.409459352578179,Inside 3PT,0,16.436875457596464,6.409459352578179,0.31688844046604925,5.119405240443752
-7.162333665320535,0.6835992863904506,Inside 3PT,1,-7.162333665320535,0.6835992863904506,0.20689954872574912,5.057683742006526
-10.953274515630962,16.477615263910057,Inside 3PT,1,-10.953274515630962,16.477615263910057,-0.09264382943885414,4.282280648977702
2.1348041579124235,27.726131282167756,Inside 3PT,0,2.1348041579124235,27.726131282167756,-0.06491034986671308,5.292991058087516
-17.953788751261868,18.43547011968742,Inside 3PT,1,-17.953788751261868,18.43547011968742,0.0219057359895548,4.482018277442976
15.109849037701984,20.561321335115267,Inside 3PT,1,15.109849037701984,20.561321335115267,-0.07350100081424431,5.154028899140573
-21.27246781601146,42.49545864120618,3PT,0,-21.27246781601146,42.49545864120618,0.48193955839745484,4.933643656700671
24.344346830025863,16.368006950095115,3PT,1,24.344346830025863,16.368006950095115,1.1052615007956756,5.669091838397561
13.61223846483287,24.15750599051111,Inside 3PT,1,13.61223846483287,24.15750599051111,-0.2787458925039168,4.638267008814074
-15.06421592329138,36.83169159883372,3PT,1,-15.06421592329138,36.83169159883372,-0.6849014897895389,4.5753416019409014
-24.72389414381988,18.6375107690997,3PT,1,-24.72389414381988,18.6375107690997,-0.04414102417562741,4.740290197056134
15.773071422741708,29.238074910710054,3PT,1,15.773071422741708,29.238074910710054,1.2898546688271593,4.598410108582862
10.342867192380858,40.53109431109702,3PT,0,10.342867192380858,40.53109431109702,-0.4018372839848654,5.149970950971025
11.450358402049368,44.62746931190918,3PT,0,11.450358402049368,44.62746931190918,0.8195584027220337,3.941844695781706
13.563517334297288,6.912453603664783,Inside 3PT,1,13.563517334297288,6.912453603664783,0.8388504070382203,4.223158790426823
-21.29776741329548,43.54961838259024,3PT,0,-21.29776741329548,43.54961838259024,-0.2767941208539973,4.216098539210403
-7.076713572786371,23.129465774738296,Inside 3PT,1,-7.076713572786371,23.129465774738296,0.2844915395926377,5.225153795986788
-19.206547023743514,12.137486250051042,Inside 3PT,0,-19.206547023743514,12.137486250051042,0.814198311564269,5.605306686290962
18.155171293779674,21.57938054319828,3PT,0,18.155171293779674,21.57938054319828,-0.18956387049374354,4.697775390731264
6.164906341377897,46.06153103841742,3PT,1,6.164906341377897,46.06153103841742,-0.10179018005118089,4.665589138404995
-8.45509875736754,23.153050417664872,Inside 3PT,1,-8.45509875736754,23.153050417664872,-0.29084045697432187,4.785026081556591
-21.822082485698818,15.451325683512886,3PT,0,-21.822082485698818,15.451325683512886,-0.5073783653464334,5.330939151304095
-9.45088391421689,29.76984015288611,3PT,0,-9.45088391421689,29.76984015288611,-0.32463877253300355,4.286323432904713
-8.740833898662647,11.286844082575074,Inside 3PT,0,-8.740833898662647,11.286844082575074,-0.6119701333811283,4.869184491367393
11.480308916903205,3.5655764211072043,Inside 3PT,0,11.480308916903205,3.5655764211072043,0.017041734129613035,5.237598814891215
6.8778735677606555,6.057346929800514,Inside 3PT,1,6.8778735677606555,6.057346929800514,-0.3849866155293209,5.000547084969923
19.36063712881633,6.018154431015304,Inside 3PT,0,19.36063712881633,6.018154431015304,0.11689295589537385,4.844790808299372
-1.389253741902536,7.139426595077834,Layup,1,-1.389253741902536,7.139426595077834,-0.7779478231018137,5.25052304628357
-19.020287703084914,6.524877114522276,Inside 3PT,0,-19.020287703084914,6.524877114522276,0.16544011610722853,3.3983838535003814
10.662239361149751,30.121113005751088,3PT,0,10.662239361149751,30.121113005751088,0.4167644808044623,5.088937659765453
13.039252430844869,8.548363966759807,Inside 3PT,0,13.039252430844869,8.548363966759807,-0.9968678212857277,4.422962158436288
3.063859878474812,16.24636231622157,Inside 3PT,0,3.063859878474812,16.24636231622157,0.18702828492378606,3.8346835515717714
13.548358997728052,42.149055265582554,3PT,1,13.548358997728052,42.149055265582554,0.6138344962366461,5.005601299762491
-0.31022018178046196,22.276197092355,Inside 3PT,1,-0.31022018178046196,22.276197092355,-0.6048205093456027,5.436829272581479
1.136641469099704,31.37521371048828,3PT,1,1.136641469099704,31.37521371048828,0.8362861934188517,4.681275742686154
-3.6229490820725196,8.099033946476602,Layup,1,-3.6229490820725196,8.099033946476602,0.2095095046830226,5.226437273601469
-23.72904366279524,9.037583884007526,3PT,0,-23.72904366279524,9.037583884007526,-0.35250592787920443,5.556139128994323
-19.60542865033478,1.9208249645245066,Inside 3PT,1,-19.60542865033478,1.9208249645245066,-0.027884538828853004,5.407457226792023
-23.42854071566329,7.939947964391734,Inside 3PT,1,-23.42854071566329,7.939947964391734,0.2791634562608612,5.569982264685697
6.820520563189021,13.093745934502055,Inside 3PT,0,6.820520563189021,13.093745934502055,0.03800269570620575,5.121063745535946
-9.282200946183666,8.319492761007101,Inside 3PT,0,-9.282200946183666,8.319492761007101,0.2693779962231846,4.787716819450797
0.428534558235139,4.1690190865816135,Layup,0,0.428534558235139,4.1690190865816135,-0.4603367965396831,3.949017094051416
20.378323696304648,5.669885941728238,Inside 3PT,0,20.378323696304648,5.669885941728238,0.084680412018039,4.626968755935025
-12.535388542556253,21.656602097538112,Inside 3PT,1,-12.535388542556253,21.656602097538112,-0.7068572484524901,4.328376702341904
-4.480853848218512,9.697684765072248,Inside 3PT,1,-4.480853848218512,9.697684765072248,-0.05561303067435016,5.835471358748907
12.777556927152432,17.120683469259546,Inside 3PT,0,12.777556927152432,17.120683469259546,-0.4519538207323949,4.662057093783831
-13.560091725418877,23.660611730178275,Inside 3PT,0,-13.560091725418877,23.660611730178275,-0.3677649712948833,4.811602403392243
-21.15100450856035,32.44855694558017,3PT,1,-21.15100450856035,32.44855694558017,0.6180465876052187,5.025742688020234
-10.5124273543116,1.84767057253165,Inside 3PT,0,-10.5124273543116,1.84767057253165,0.5456550602971345,4.771801223186227
-16.938935637299778,37.572288748725,3PT,1,-16.938935637299778,37.572288748725,0.3045690604535885,5.597525520215377
21.484882617128655,29.511318306072663,3PT,1,21.484882617128655,29.511318306072663,-0.5461563823362895,4.438675319132774
15.40601897822085,3.8426745015969797,Inside 3PT,0,15.40601897822085,3.8426745015969797,-0.15820422484740096,4.8473037276186215
6.670187825521172,41.05819533301853,3PT,0,6.670187825521172,41.05819533301853,0.6065488499895917,4.378764707150976
18.573029509385883,43.28100282499522,3PT,0,18.573029509385883,43.28100282499522,0.07085845681995237,4.089988744389647
15.183603844955726,2.8706641131785964,Inside 3PT,1,15.183603844955726,2.8706641131785964,1.159664769990847,4.444115454547357
-15.671497055698207,13.013249462918575,Inside 3PT,0,-15.671497055698207,13.013249462918575,0.19665891969718594,4.731481601475794
19.627949924498886,37.891460150273886,3PT,1,19.627949924498886,37.891460150273886,0.0960245582450158,4.53534888774137
1.9671120957825359,35.16820544803194,3PT,1,1.9671120957825359,35.16820544803194,-0.1545582321012507,4.403789510063072
15.372007758203125,8.672487909749734,Inside 3PT,0,15.372007758203125,8.672487909749734,0.06677045239114116,4.0468412681640835
19.804564996174662,9.839418196825385,Inside 3PT,0,19.804564996174662,9.839418196825385,-0.07623491819027195,4.708447213685653
-9.099826251406807,17.412188831194953,Inside 3PT,0,-9.099826251406807,17.412188831194953,0.3540543383442952,3.9976398129844988
-19.497403773616163,22.772580303978003,3PT,0,-19.497403773616163,22.772580303978003,0.47835115839729203,5.130027981844801
-13.603241872902917,29.05797426192391,3PT,0,-13.603241872902917,29.05797426192391,-0.39299473025397474,4.791219876467252
-3.6446105686871846,17.3389410597793,Inside 3PT,0,-3.6446105686871846,17.3389410597793,-0.665616476778889,4.021224250267535
15.900738296124658,21.73913165825795,Inside 3PT,1,15.900738296124658,21.73913165825795,-0.9181026865516483,4.595395461475068
18.036529162817175,35.13113409228656,3PT,0,18.036529162817175,35.13113409228656,0.25399566345627184,4.373921797204709
-24.652393473440465,1.7241105358581013,3PT,0,-24.652393473440465,1.7241105358581013,-0.5516833030869368,4.9095872552095905
0.5373651288782852,11.864536384168975,Inside 3PT,1,0.5373651288782852,11.864536384168975,-1.0764452964762414,5.420225223011572
-4.129449842561051,33.527430536573966,3PT,0,-4.129449842561051,33.527430536573966,0.19428930226548205,3.8124137651771277
-13.894609476463488,42.07472137129837,3PT,0,-13.894609476463488,42.07472137129837,1.2464997587163953,4.807513039573709
-19.00673163331586,24.048839779436307,3PT,1,-19.00673163331586,24.048839779436307,-0.003035455769946662,4.6699336022166795
-8.1192414298186,25.009333807469837,Inside 3PT,1,-8.1192414298186,25.009333807469837,0.41924538722582094,5.085670038225233
22.14548519562596,5.037084532969475,Inside 3PT,0,22.14548519562596,5.037084532969475,0.040914679273782506,4.856598314118845
-8.839853398962237,21.02838124070237,Inside 3PT,1,-8.839853398962237,21.02838124070237,-0.04944482659557133,4.374015334130591
0.9395310871683051,25.03301152338609,Inside 3PT,0,0.9395310871683051,25.03301152338609,0.4595382414938843,4.590473032166691
10.15094794475889,11.396113670832294,Inside 3PT,0,10.15094794475889,11.396113670832294,-0.14513727209432567,4.351987071598256
-6.8185198810353,12.654431854620904,Inside 3PT,0,-6.8185198810353,12.654431854620904,0.13369615703595147,5.288003569299299
23.589104136048036,17.732355665917265,3PT,0,23.589104136048036,17.732355665917265,0.1608489030980068,4.760655824335971
23.122364747105564,0.9433462955531393,Inside 3PT,0,23.122364747105564,0.9433462955531393,-0.3340452268215244,5.700595342876504
-12.410885208731791,15.13772078240938,Inside 3PT,1,-12.410885208731791,15.13772078240938,0.4960211747682614,4.719669593092689
-0.1375747053807288,9.938056328837598,Inside 3PT,0,-0.1375747053807288,9.938056328837598,-0.08747987834770432,4.395796616544769
-9.956084509161517,15.392375552361989,Inside 3PT,0,-9.956084509161517,15.392375552361989,-0.37787257974642235,3.9931428036935865
-10.757975281126619,5.628820195504807,Inside 3PT,1,-10.757975281126619,5.628820195504807,0.26825492178520177,3.8484301618720274
-23.15565263227336,41.85478219477506,3PT,0,-23.15565263227336,41.85478219477506,-0.44923399089551863,3.9579320284972552
5.478216698994842,27.898845317040287,3PT,0,5.478216698994842,27.898845317040287,0.014090578684564124,4.883563325505742
0.1339511614430755,31.91780899979101,3PT,0,0.1339511614430755,31.91780899979101,-0.004559498322101772,5.004362511614967
-22.426062437500534,37.0910482145449,3PT,0,-22.426062437500534,37.0910482145449,0.542947782915789,3.9594046489839334
-11.067676788169429,23.42678334966569,Inside 3PT,0,-11.067676788169429,23.42678334966569,0.2373491164399764,5.197519157038058
20.413294298332687,4.085253540108914,Inside 3PT,0,20.413294298332687,4.085253540108914,-0.012513479372571959,4.5084694741582805
-13.02190546665138,25.244007465471746,3PT,0,-13.02190546665138,25.244007465471746,0.40888314960014355,4.823396505992775
-17.755256395438845,27.581532546981318,3PT,0,-17.755256395438845,27.581532546981318,0.6951037745086567,5.556110314127713
-0.5273619861218499,35.03565528666351,3PT,0,-0.5273619861218499,35.03565528666351,0.2789051531759311,5.1984196579327655
24.282522705530035,20.28799867279493,3PT,0,24.282522705530035,20.28799867279493,0.0051763099216903035,4.615734676047084
-12.89723642442498,5.996274231391497,Inside 3PT,0,-12.89723642442498,5.996274231391497,-0.6559181161750798,4.304403887292357
8.606777370293926,13.33746757254005,Inside 3PT,1,8.606777370293926,13.33746757254005,-0.5325568315376863,3.6740922993353475
13.080980766435879,17.06486793073585,Inside 3PT,0,13.080980766435879,17.06486793073585,-0.15261235217733382,4.39042334037879
-13.118122800380016,30.358110342585256,3PT,0,-13.118122800380016,30.358110342585256,-0.3047561010796416,4.644434880586153
11.410817430592978,26.826580319438857,3PT,1,11.410817430592978,26.826580319438857,-0.093485651492723,4.256410236424408
-6.61084336403734,16.736546117198774,Inside 3PT,0,-6.61084336403734,16.736546117198774,0.028324962448553582,4.684371516453847
6.615291529678974,46.36621669327005,3PT,1,6.615291529678974,46.36621669327005,0.2648463771783654,4.788425941479384
6.676485538044734,28.471416509773697,3PT,1,6.676485538044734,28.471416509773697,-0.03524938902954561,4.637572009095961
1.7887342037379241,11.149659211591741,Inside 3PT,0,1.7887342037379241,11.149659211591741,0.24325082191310096,4.42499870958827
-20.485511497279585,4.783776213158976,Inside 3PT,1,-20.485511497279585,4.783776213158976,0.03223720740506012,4.834327335983364
16.7651247794619,7.184379541663605,Inside 3PT,0,16.7651247794619,7.184379541663605,-0.9877332831769357,4.970970324784704
-8.960996751413209,11.560013234071882,Inside 3PT,0,-8.960996751413209,11.560013234071882,-0.46966769690937715,4.204800461278577
-15.674074480007288,7.552024543199116,Inside 3PT,0,-15.674074480007288,7.552024543199116,-0.07204377786080773,5.455466189873135
-22.961242922261803,8.768650130411372,Inside 3PT,1,-22.961242922261803,8.768650130411372,-0.6048473714205538,4.700705933857869
4.54464715941209,13.399472928610814,Inside 3PT,1,4.54464715941209,13.399472928610814,0.29996436499810225,4.759424811472424
8.878218092114118,8.148558978853476,Inside 3PT,0,8.878218092114118,8.148558978853476,0.7653754161718487,5.104107211628278
-24.17060855360719,42.14797495744198,3PT,0,-24.17060855360719,42.14797495744198,0.6093809258486583,4.866608065631751
0.6046529149640492,3.7709860460971836,Layup,1,0.6046529149640492,3.7709860460971836,-0.106721435465104,5.226568316956622
-13.675211240103103,24.65203530980197,3PT,1,-13.675211240103103,24.65203530980197,0.745363068424976,4.893562082600912
7.258639520472492,19.28865086851409,Inside 3PT,0,7.258639520472492,19.28865086851409,0.07433372860105578,4.443781312679781
-16.281678549750428,46.1717949947045,3PT,0,-16.281678549750428,46.1717949947045,-0.16854298555901967,4.930751762603051
9.546886905123294,5.26582840189846,Inside 3PT,0,9.546886905123294,5.26582840189846,-0.3067013317704699,4.1781368963396694
-5.663232684973131,18.699213155149856,Inside 3PT,1,-5.663232684973131,18.699213155149856,-0.15123484324406417,4.8042798528882615
21.836499436836725,45.56511036394234,3PT,0,21.836499436836725,45.56511036394234,-0.19408840927061438,4.7333850046777695
-18.123952792700337,40.67883491701707,3PT,0,-18.123952792700337,40.67883491701707,0.08520811118774385,4.64594157136373
-7.946682447487074,38.40238733461616,3PT,0,-7.946682447487074,38.40238733461616,0.0802869905249323,4.685731244280535
-19.326323937970546,12.121432871112171,Inside 3PT,1,-19.326323937970546,12.121432871112171,0.0015230100767072347,3.8090754772511803
21.234680913928138,8.031716607333093,Inside 3PT,0,21.234680913928138,8.031716607333093,0.21846908487317493,4.475637546129519
18.866967669049053,31.426231336448257,3PT,0,18.866967669049053,31.426231336448257,0.5953231373931707,4.7964224505705575
-12.10291861424222,43.68067148899653,3PT,1,-12.10291861424222,43.68067148899653,0.47477706772066186,4.829928195998701
7.999202301708955,26.1678559716547,Inside 3PT,0,7.999202301708955,26.1678559716547,-0.7424489842249518,4.236162429537021
15.861110010060791,26.86579640508529,3PT,0,15.861110010060791,26.86579640508529,-1.2769605674509774,5.382853920432351
2.760040579973115,13.159017402033356,Inside 3PT,1,2.760040579973115,13.159017402033356,0.46715995561963686,4.31691257589275
1.4825289178003231,36.166167860021034,3PT,1,1.4825289178003231,36.166167860021034,-0.6834393492077105,5.234728600263368
-12.907385454977415,8.791056182203599,Inside 3PT,0,-12.907385454977415,8.791056182203599,-0.11238270094634177,4.963597180935842
-20.34486160970504,15.212924110999452,Inside 3PT,1,-20.34486160970504,15.212924110999452,-0.5850565130296798,4.426886345078098
19.860787897666334,19.995512614971588,3PT,0,19.860787897666334,19.995512614971588,-0.9009902187900098,5.637655446304756
20.020902858166522,23.857687798169387,3PT,1,20.020902858166522,23.857687798169387,0.270731364102394,4.15318158412176
6.655072863663396,11.393257423508771,Inside 3PT,0,6.655072863663396,11.393257423508771,0.3795775801513234,5.209577086805001
-8.048510447564965,5.397330762742566,Inside 3PT,1,-8.048510447564965,5.397330762742566,-0.2882552003633597,5.250291159021489
-7.539521269366954,28.699141994756733,3PT,0,-7.539521269366954,28.699141994756733,-1.295521146072455,4.414689895461677
11.297783943511966,13.56563600229202,Inside 3PT,0,11.297783943511966,13.56563600229202,-0.2731222241262414,5.446232650032164
19.855512997628857,27.31819640686278,3PT,0,19.855512997628857,27.31819640686278,0.19590200270127325,4.6249767427005235
19.354321213255865,7.2550476178875085,Inside 3PT,0,19.354321213255865,7.2550476178875085,-0.7394557843870644,4.8943468146399285
13.993777292881191,22.61358478717642,Inside 3PT,1,13.993777292881191,22.61358478717642,0.09167995988957782,4.88016091938561
7.101582307714388,25.031703329924536,Inside 3PT,0,7.101582307714388,25.031703329924536,-0.007654924586497779,4.682845629264726
-20.79300175024756,2.4357062306540644,Inside 3PT,1,-20.79300175024756,2.4357062306540644,0.2896457498005442,5.155404136579891
-16.918564295269313,15.820401075114267,Inside 3PT,1,-16.918564295269313,15.820401075114267,0.05979018420707663,5.146744360276107
19.927709426353964,6.31748981613179,Inside 3PT,1,19.927709426353964,6.31748981613179,-0.48653447044077774,3.8757340133809097
5.321452982979498,2.978623612220084,Inside 3PT,0,5.321452982979498,2.978623612220084,0.5982857508322457,5.4021701214390765
-24.540147419168516,46.52813092232743,3PT,0,-24.540147419168516,46.52813092232743,-0.07926478651348501,3.918754005982163
-19.926422856698395,15.15063071381198,Inside 3PT,0,-19.926422856698395,15.15063071381198,-0.01365226975496593,5.266273102170828
8.175088455402793,38.064098955167836,3PT,0,8.175088455402793,38.064098955167836,-0.466633979536598,5.313352568413792
-24.746920807689065,11.968110773896901,3PT,1,-24.746920807689065,11.968110773896901,-0.22164112559575516,4.204516784892401
-16.95959742912507,32.030627944524674,3PT,0,-16.95959742912507,32.030627944524674,-0.44240135701345046,4.544592856022708
2.4366894683293054,35.730709414815266,3PT,0,2.4366894683293054,35.730709414815266,-0.0864730299617115,4.197147665757032
9.594759884634662,27.995020808568682,3PT,0,9.594759884634662,27.995020808568682,0.8558542400711717,4.642539484855632
7.598062975130027,22.164080861857443,Inside 3PT,1,7.598062975130027,22.164080861857443,-0.6859505714656782,4.59598285790713
-13.78653452697201,19.35652296492162,Inside 3PT,0,-13.78653452697201,19.35652296492162,-0.8067806989383706,5.13983026613467
10.608961067376796,16.39680852752078,Inside 3PT,0,10.608961067376796,16.39680852752078,0.7355851637468043,5.405154373059804
-13.137545625159996,43.68786977964781,3PT,1,-13.137545625159996,43.68786977964781,-0.10466183857593306,5.447841905394978
-8.730015092036613,39.03911216602327,3PT,1,-8.730015092036613,39.03911216602327,-0.3345363693299583,4.468915986710849
12.324570255901207,45.35626480132609,3PT,0,12.324570255901207,45.35626480132609,0.5199523436980382,4.645389063127736
7.481644952360732,5.841969503820602,Inside 3PT,0,7.481644952360732,5.841969503820602,-0.30280776986843205,3.908280903889525
17.461170524708898,34.35077133457128,3PT,1,17.461170524708898,34.35077133457128,0.9130048567734681,4.347064966751906
7.880644615017168,44.10200147058878,3PT,0,7.880644615017168,44.10200147058878,0.33896293566963454,5.232425816548729
3.4154301667735822,8.517954109786027,Inside 3PT,1,3.4154301667735822,8.517954109786027,-0.24395570407285133,5.557791411774116
-20.316261608595376,3.1253245662385423,Inside 3PT,1,-20.316261608595376,3.1253245662385423,1.0786541066327517,4.132825564060039
-6.614209847028324,34.832670516632774,3PT,0,-6.614209847028324,34.832670516632774,-0.3028574615016692,4.453767870423553
-11.739881615913728,27.00023631945586,3PT,0,-11.739881615913728,27.00023631945586,0.3710476860046535,4.736797121520537
-12.800517831045822,39.565952507638784,3PT,0,-12.800517831045822,39.565952507638784,0.14964629020324596,4.890080579409803
23.650527737622276,6.569301701435606,Inside 3PT,1,23.650527737622276,6.569301701435606,0.650870644699399,4.345198240039177
-5.3451137666619815,37.37756365741484,3PT,1,-5.3451137666619815,37.37756365741484,0.7807555983634263,4.962030522232045
19.602327758855665,9.476484042243992,Inside 3PT,0,19.602327758855665,9.476484042243992,0.016002074532883312,4.513080326464542
6.556931299863145,7.691829314688112,Inside 3PT,1,6.556931299863145,7.691829314688112,-0.37670893517309173,4.742773864560861
14.740565177082424,7.720492502756668,Inside 3PT,0,14.740565177082424,7.720492502756668,0.2299860714695582,5.02314212400185
0.13185465525960538,38.28501185087496,3PT,1,0.13185465525960538,38.28501185087496,-0.33885768487605306,4.753211134905469
3.8451942313179543,31.264269372721404,3PT,1,3.8451942313179543,31.264269372721404,1.0066936237633115,4.531807054736715
-0.3741153090568048,24.58407496414861,Inside 3PT,1,-0.3741153090568048,24.58407496414861,0.06826766554136872,4.695195098037084
-15.237850610097775,16.865032753804616,Inside 3PT,0,-15.237850610097775,16.865032753804616,-0.18266077565605435,4.705818520397332
11.122605763075263,41.22842541821609,3PT,0,11.122605763075263,41.22842541821609,0.0923401529324542,4.564994485058937
-10.96138187795721,18.444920048863864,Inside 3PT,0,-10.96138187795721,18.444920048863864,-0.6735631447648482,4.620601968666449
-23.78420167842731,38.38017365516412,3PT,0,-23.78420167842731,38.38017365516412,-0.48580701925532577,5.549323585252359
7.273614795358391,20.639340702800265,Inside 3PT,0,7.273614795358391,20.639340702800265,0.6002069539722127,5.030459723970619
-16.144466029647553,17.716388182970658,Inside 3PT,1,-16.144466029647553,17.716388182970658,-0.32844713948569787,4.60225984098542
22.022929217645718,21.745949926471503,3PT,0,22.022929217645718,21.745949926471503,-0.5234554913409698,5.098477202255368
22.696428850129365,14.164760085714677,3PT,0,22.696428850129365,14.164760085714677,0.2683263762636431,4.583090255121995
20.743219511022424,35.1376408682838,3PT,0,20.743219511022424,35.1376408682838,0.5928520773314985,5.33656231879332
-6.492064987227781,23.62785833434652,Inside 3PT,0,-6.492064987227781,23.62785833434652,0.35947665533253337,4.934821096099047
-24.22716917355663,10.913996671900414,3PT,0,-24.22716917355663,10.913996671900414,0.4980238429029082,4.696348927997885
21.415928129386266,42.28000494390472,3PT,0,21.415928129386266,42.28000494390472,-0.3783975442847304,4.973858462905139
-3.5907925841342845,18.042887404540938,Inside 3PT,1,-3.5907925841342845,18.042887404540938,-0.7109053333709219,3.9645619239657504
23.332740952183478,25.546984472357465,3PT,1,23.332740952183478,25.546984472357465,0.7506668259777434,4.186616265545098
23.180998854462644,42.604189215333705,3PT,0,23.180998854462644,42.604189215333705,-0.16133991942106787,4.153037496800472
17.650472773368,29.339185807957627,3PT,0,17.650472773368,29.339185807957627,-0.12541650822752368,4.8214715473818535
-10.277555396520716,5.494207913293112,Inside 3PT,0,-10.277555396520716,5.494207913293112,0.664097070924529,5.616257499742546
-5.745113569903737,44.17210980983333,3PT,0,-5.745113569903737,44.17210980983333,0.27811500470032996,5.865650073096316
17.556833575842845,29.502278494356638,3PT,1,17.556833575842845,29.502278494356638,0.22794388604080382,5.0690255507203785
-9.153899742186116,15.740563888883049,Inside 3PT,1,-9.153899742186116,15.740563888883049,1.082501172450542,5.000422237472229
-16.525362665695376,6.545787415179201,Inside 3PT,0,-16.525362665695376,6.545787415179201,-0.3217591151900715,3.8494711329236306
2.840063122917506,37.31918389570391,3PT,0,2.840063122917506,37.31918389570391,0.4639200640406186,4.478663100132989
21.807738708039047,29.143419528640134,3PT,1,21.807738708039047,29.143419528640134,0.02850656244854225,4.35610812404588
9.801489833748647,25.07267132288711,Inside 3PT,0,9.801489833748647,25.07267132288711,0.13429613943162846,4.439576200874442
3.5030585044682496,42.01295140339501,3PT,1,3.5030585044682496,42.01295140339501,0.7642342132062658,4.665928090707605
-20.141175311461573,37.064068927552945,3PT,0,-20.141175311461573,37.064068927552945,0.25391787814481187,4.513954711151436
5.7503613349584874,7.128719347439305,Inside 3PT,1,5.7503613349584874,7.128719347439305,0.2691480395248165,3.760350094812106
24.50269250521316,14.650937186390767,3PT,0,24.50269250521316,14.650937186390767,0.5362536686549011,5.123955128058767
-17.9957992381738,11.67898957127989,Inside 3PT,1,-17.9957992381738,11.67898957127989,-0.18247636477144266,4.213628487130097
0.9164826181868371,34.965475750915815,3PT,0,0.9164826181868371,34.965475750915815,-0.4196048336695032,4.869623432055575
18.86865359639777,1.5760244325816308,Inside 3PT,1,18.86865359639777,1.5760244325816308,-0.5224045970105168,5.787041334874987
12.03843088771022,26.784815188951878,3PT,1,12.03843088771022,26.784815188951878,-0.9831782946880009,4.290307704206788
9.850787049763397,35.835558229812456,3PT,0,9.850787049763397,35.835558229812456,1.028103564970161,3.4848562386268354
10.12420419935546,41.20798492780222,3PT,0,10.12420419935546,41.20798492780222,-0.5516041828608416,4.606997889059945
-7.025442439012242,16.07784218964765,Inside 3PT,0,-7.025442439012242,16.07784218964765,-0.110626811792886,5.300479817499285
-10.320407786775332,38.599093319584604,3PT,1,-10.320407786775332,38.599093319584604,-0.13840664994446034,5.729173727110297
15.468057773925679,5.199691636894739,Inside 3PT,0,15.468057773925679,5.199691636894739,0.15370334890455037,4.135225202773792
15.505669733959039,39.78325771152235,3PT,0,15.505669733959039,39.78325771152235,0.4078686062696484,4.998349611618261
18.353615929005187,5.991967129603173,Inside 3PT,0,18.353615929005187,5.991967129603173,0.4302367441798727,4.517344771609974
20.662027627823562,18.67250265633726,3PT,1,20.662027627823562,18.67250265633726,-0.2915387192844692,4.697025822847932
0.5671199430468903,37.47288219163902,3PT,0,0.5671199430468903,37.47288219163902,-0.08356085689320575,6.072171673508517
0.07581473435998021,7.046119085392368,Layup,1,0.07581473435998021,7.046119085392368,0.14128997524414982,3.9985148358024234
14.914758948338758,10.77481557593415,Inside 3PT,1,14.914758948338758,10.77481557593415,-0.12434556309177354,4.876869830747287
7.4981965388882585,33.94587071447412,3PT,0,7.4981965388882585,33.94587071447412,0.8036727880099963,4.983846585882716
10.098343862885166,33.8417172176655,3PT,1,10.098343862885166,33.8417172176655,0.24548747581912567,5.292893162469674
14.789633471805054,30.133938745608972,3PT,0,14.789633471805054,30.133938745608972,0.36743889302490873,4.798991576735448
19.500267090878317,32.6155768899537,3PT,0,19.500267090878317,32.6155768899537,0.33144063433370635,4.904025269752051
-8.10024215742321,25.50804883733702,Inside 3PT,0,-8.10024215742321,25.50804883733702,0.5867369287426625,4.554175716289104
-6.220852368002799,11.83455576862678,Inside 3PT,0,-6.220852368002799,11.83455576862678,0.09051077935185348,4.884563470622553
-20.30090300795655,16.247711694684213,Inside 3PT,1,-20.30090300795655,16.247711694684213,-0.6484159739779233,4.578403862251295
3.914007049808699,8.535092689667007,Inside 3PT,1,3.914007049808699,8.535092689667007,0.1998439758763208,5.060785944928026
-23.202886310162896,42.69717638268053,3PT,0,-23.202886310162896,42.69717638268053,-0.3256784468959145,4.565194831978183
-1.7200990933769909,27.41941435400766,Inside 3PT,1,-1.7200990933769909,27.41941435400766,-0.2643083408748784,4.938550196951093
2.1322317353788307,18.840016587891075,Inside 3PT,1,2.1322317353788307,18.840016587891075,0.2931820093775466,4.735368593157511
-10.67293739358578,21.714272771274235,Inside 3PT,1,-10.67293739358578,21.714272771274235,0.6191415357168178,5.313025125386084
4.541663028450536,44.52231696175532,3PT,1,4.541663028450536,44.52231696175532,0.010635788368030825,4.724303138205757
-23.47498750304753,7.20751594645577,Inside 3PT,1,-23.47498750304753,7.20751594645577,0.1544165062994819,3.863483765896559
-23.132590562539278,27.55280210478947,3PT,1,-23.132590562539278,27.55280210478947,0.851107472317619,5.380960750356996
16.130028032982914,23.7767679075699,3PT,0,16.130028032982914,23.7767679075699,0.12037658974428414,4.297133849568691
-6.990467929436857,28.738349065428448,3PT,0,-6.990467929436857,28.738349065428448,1.3008415570901974,4.42311683067559
-18.64697436740576,0.8511786395795039,Inside 3PT,0,-18.64697436740576,0.8511786395795039,0.2827548228157721,4.452169352978254
1.1121630027402176,40.98982372037512,3PT,1,1.1121630027402176,40.98982372037512,-0.8803813795779089,5.437219046585408
13.499677654930544,43.809559276729786,3PT,1,13.499677654930544,43.809559276729786,0.37667081055226626,3.682162893010652
-14.208948625157841,26.56125962869282,3PT,1,-14.208948625157841,26.56125962869282,0.19057919244138888,6.318874266829997
6.144523790950014,32.74258872221394,3PT,0,6.144523790950014,32.74258872221394,0.6448763770413728,5.278028404533026
-20.7326267503116,43.3574709153329,3PT,0,-20.7326267503116,43.3574709153329,0.3365906756349792,4.86161945706458
-22.415913941569613,33.24021581272974,3PT,1,-22.415913941569613,33.24021581272974,-0.06922799199188691,4.722552999691857
1.5677315784074004,7.169335016970283,Layup,0,1.5677315784074004,7.169335016970283,-0.6121491181446829,4.892777037428829
2.0317560805053247,27.08555292784022,Inside 3PT,1,2.0317560805053247,27.08555292784022,-0.10451162864301264,5.01056121418967
6.871495074910328,28.515607179994227,3PT,0,6.871495074910328,28.515607179994227,-0.42526022710465006,5.072607792975028
11.304566686133079,19.934141551212143,Inside 3PT,0,11.304566686133079,19.934141551212143,-0.29026172490236135,5.027802233001724
23.79260397312673,34.61287907436197,3PT,0,23.79260397312673,34.61287907436197,0.2942892022103048,4.794790340627625
0.8150174150597671,43.9152496941437,3PT,0,0.8150174150597671,43.9152496941437,0.8349522521757031,4.6513307898463365
-8.8521763529377,43.501720106618485,3PT,0,-8.8521763529377,43.501720106618485,0.19733576491149055,4.674363358173244
14.759309738435185,21.18945045599421,Inside 3PT,1,14.759309738435185,21.18945045599421,-0.5979415310175922,4.652545859823659
-11.458387436896288,5.322188154515497,Inside 3PT,0,-11.458387436896288,5.322188154515497,0.22230133411007036,5.316885048433532
-3.0514289647181947,46.287536351229726,3PT,1,-3.0514289647181947,46.287536351229726,0.5983157433228256,5.046778361140431
-21.0771809328867,39.428210062958904,3PT,0,-21.0771809328867,39.428210062958904,-0.3048914521596911,3.2798056826678597
-23.732462829227124,5.859146016553542,3PT,0,-23.732462829227124,5.859146016553542,-0.06700858333645884,5.07795038826488
23.132420733896254,43.2795684830165,3PT,0,23.132420733896254,43.2795684830165,0.007344097364598547,4.847368097359388
16.79900602561029,40.88512901692003,3PT,0,16.79900602561029,40.88512901692003,-0.39244915654112,4.740645621777051
9.798710304684896,24.38538868492539,Inside 3PT,0,9.798710304684896,24.38538868492539,0.3241402169219295,4.5557407734555575
-4.552352779286505,27.789945480011674,Inside 3PT,0,-4.552352779286505,27.789945480011674,-0.06047407430389078,5.312056359993007
-16.33528399645771,18.75312708189612,Inside 3PT,0,-16.33528399645771,18.75312708189612,0.20976622195351388,5.223763231061429
-17.1781478664457,2.5737970246354727,Inside 3PT,1,-17.1781478664457,2.5737970246354727,-0.44374608890105005,4.363561166088195
-12.487855091770234,15.754270357357344,Inside 3PT,1,-12.487855091770234,15.754270357357344,-0.21872915016170522,4.953526143562268
2.461333235306025,37.734112084106535,3PT,1,2.461333235306025,37.734112084106535,0.3611906789138857,4.264171632729357
10.72979613500312,0.21770508121633436,Inside 3PT,1,10.72979613500312,0.21770508121633436,-0.1864165760458835,4.060190917605535
8.009868835886564,15.674461069483776,Inside 3PT,0,8.009868835886564,15.674461069483776,0.8634819256167026,4.436641387705017
-11.003305152702858,18.713928598774334,Inside 3PT,1,-11.003305152702858,18.713928598774334,-0.19981809280730117,5.18119673619138
22.743264033159704,25.257593338082376,3PT,0,22.743264033159704,25.257593338082376,0.11234236287594296,5.226562522688043
11.894845834788427,43.23321397139974,3PT,1,11.894845834788427,43.23321397139974,0.46629541593654494,5.006542710048646
2.717702625570034,16.27826173520018,Inside 3PT,1,2.717702625570034,16.27826173520018,-0.7091828664665158,5.112547893423999
5.586037311717611,16.3068004891227,Inside 3PT,0,5.586037311717611,16.3068004891227,-0.8804044059903879,5.008089143557479
-4.019996878610506,34.66255866115817,3PT,0,-4.019996878610506,34.66255866115817,-0.7628281572850474,4.429259202388524
-12.613450524942127,21.254243221820936,Inside 3PT,0,-12.613450524942127,21.254243221820936,0.631292051713591,4.96596127233697
-7.201366067436922,10.556426678179152,Inside 3PT,0,-7.201366067436922,10.556426678179152,-0.2759290729462234,5.150204762613841
12.892305523218454,21.26465725823659,Inside 3PT,0,12.892305523218454,21.26465725823659,1.2790996428341261,5.127145664906787
-24.280325568512207,6.6202799578505935,3PT,1,-24.280325568512207,6.6202799578505935,-0.2821237993286943,5.344456685737321
-19.196367974654187,8.290188365792496,Inside 3PT,0,-19.196367974654187,8.290188365792496,0.09227565159851848,5.104151923600532
-22.699867898912363,23.423285318755546,3PT,0,-22.699867898912363,23.423285318755546,0.7710549762839378,4.925724103770792
-22.96355988405149,19.689496126713752,3PT,0,-22.96355988405149,19.689496126713752,1.0030464440795615,5.285075119158214
17.77302920055036,42.9977573502007,3PT,1,17.77302920055036,42.9977573502007,1.030751788318199,4.73673937037547
10.18289296900118,17.032513258481757,Inside 3PT,0,10.18289296900118,17.032513258481757,0.6041831152965712,4.309062674386141
-1.2913085456337399,27.287652463068042,Inside 3PT,1,-1.2913085456337399,27.287652463068042,0.5120312629057312,4.668466518028118
-20.108291967449926,29.71642153221793,3PT,1,-20.108291967449926,29.71642153221793,0.29626347460059155,4.377548677596775
-0.4192062441583815,0.6154394596516809,Layup,1,-0.4192062441583815,0.6154394596516809,0.38918053808331887,4.412410862512809
-1.3264114609717161,31.186256484785396,3PT,0,-1.3264114609717161,31.186256484785396,-0.2755928581642667,4.677740664642241
-16.33990650449924,8.367690442878317,Inside 3PT,0,-16.33990650449924,8.367690442878317,-0.4090994417111536,4.353790039500019
-3.3074175381013475,45.17030492106439,3PT,0,-3.3074175381013475,45.17030492106439,-0.0016872287054760257,4.59601923518048
-5.074763280131329,6.987148204396309,Inside 3PT,0,-5.074763280131329,6.987148204396309,-0.08509231126246422,3.803192666523107
5.792504902610823,19.487333815170114,Inside 3PT,1,5.792504902610823,19.487333815170114,-0.2266140246636376,4.8566468536864695
6.7546825433821915,4.011434399696261,Inside 3PT,1,6.7546825433821915,4.011434399696261,0.34819372372835766,4.750602737681112
-22.734799511397775,46.85308983675952,3PT,0,-22.734799511397775,46.85308983675952,0.47765260428525536,4.341455684465904
-6.269369268676439,23.6031654855684,Inside 3PT,0,-6.269369268676439,23.6031654855684,0.04420344314592368,5.079622834216202
6.29299578571182,27.98309581404206,3PT,1,6.29299578571182,27.98309581404206,0.7387650405276309,5.218785068813279
0.15681292900438493,3.1525944372560915,Layup,0,0.15681292900438493,3.1525944372560915,-0.5708445570667525,3.946220067815513
17.824492059416116,35.24814210876136,3PT,0,17.824492059416116,35.24814210876136,-0.09682972963985906,4.368637610716893
7.934681580947249,9.86556287549253,Inside 3PT,1,7.934681580947249,9.86556287549253,-0.35841116030140246,4.365428825106351
-16.853278645928516,42.208551603713545,3PT,0,-16.853278645928516,42.208551603713545,-0.93326830853653,4.280048449445568
-21.471562629978507,9.641563102654336,Inside 3PT,0,-21.471562629978507,9.641563102654336,-0.041340342921349624,5.164737420965874
7.12096391031578,8.96232287119233,Inside 3PT,0,7.12096391031578,8.96232287119233,-0.06087375419164177,4.653086930613599
-23.67443447291891,1.7178343888604592,3PT,0,-23.67443447291891,1.7178343888604592,0.7567248716210655,4.617742579344695
4.288779063673164,22.187146420169963,Inside 3PT,1,4.288779063673164,22.187146420169963,0.31540584227738877,3.7480688177966233
22.01151207124788,26.54753326334297,3PT,1,22.01151207124788,26.54753326334297,-0.5120934121646025,5.067709015104613
3.7737088937939482,3.0883060531325612,Layup,1,3.7737088937939482,3.0883060531325612,0.9270462831670941,4.130370802573264
-5.591503689673903,36.449797984665494,3PT,0,-5.591503689673903,36.449797984665494,0.6105168477626765,4.779966315133164
7.164410922117661,21.304575233157298,Inside 3PT,1,7.164410922117661,21.304575233157298,0.2910488517343079,4.888688468979096
-2.087355475424168,24.64634265839626,Inside 3PT,0,-2.087355475424168,24.64634265839626,-0.11324204942491596,5.430329297919325
2.2808394657967455,20.715849106096723,Inside 3PT,0,2.2808394657967455,20.715849106096723,-0.4797196183617399,4.095589800440444
22.07324043882626,18.83586386114032,3PT,0,22.07324043882626,18.83586386114032,-0.1861033880355265,3.2402439220895873
-5.694868109961288,26.303095571486242,Inside 3PT,1,-5.694868109961288,26.303095571486242,0.544374309852093,4.8419247723768475
23.05952819119571,7.296291558743488,Inside 3PT,0,23.05952819119571,7.296291558743488,0.9422931529673045,5.650255590755426
20.267532097803183,8.550622133277743,Inside 3PT,0,20.267532097803183,8.550622133277743,0.7716217641360945,5.369473176469719
-15.210443260535179,40.50392418763531,3PT,1,-15.210443260535179,40.50392418763531,-0.24442471089313705,4.854829707637313
-21.531934956241727,44.46742672028074,3PT,1,-21.531934956241727,44.46742672028074,-0.5598087166445056,4.504181907183976
-19.96109993112867,17.54553786514839,Inside 3PT,0,-19.96109993112867,17.54553786514839,0.07044312345560197,5.153561298318655
-24.088908717422512,12.724999637747027,3PT,1,-24.088908717422512,12.724999637747027,-0.8842196827814258,4.263226900147766
-20.27785196220358,30.26797853223374,3PT,0,-20.27785196220358,30.26797853223374,0.16158385709239073,4.98817888467811
9.150338670817845,19.210506041610532,Inside 3PT,0,9.150338670817845,19.210506041610532,-0.07380129314933434,5.002735079583314
-21.44056757698855,1.1931587160362085,Inside 3PT,1,-21.44056757698855,1.1931587160362085,-0.23301825093412112,5.28010495374944
-9.051218485311935,7.3391720762109465,Inside 3PT,0,-9.051218485311935,7.3391720762109465,-0.7973515336333977,6.129830019455539
17.24376554847273,33.650694755827686,3PT,0,17.24376554847273,33.650694755827686,0.2568000532848583,4.9462079835893835
-23.83640321320871,30.969425269777112,3PT,0,-23.83640321320871,30.969425269777112,-0.2663504198309557,4.495518187146251
15.72342412944679,1.273511647663724,Inside 3PT,1,15.72342412944679,1.273511647663724,-0.584958417855144,4.737212843904003
-10.907261261330003,10.432691610848623,Inside 3PT,0,-10.907261261330003,10.432691610848623,-1.4361311066408247,3.865462047555441
-19.091758618917186,10.860515439639356,Inside 3PT,1,-19.091758618917186,10.860515439639356,-0.013757452525318127,4.402643434455471
9.836858268207536,31.578958949140237,3PT,0,9.836858268207536,31.578958949140237,0.886125798334872,4.545358780943448
6.447142338994201,0.9263952744551153,Inside 3PT,0,6.447142338994201,0.9263952744551153,0.830629607273935,4.487955801032704
18.873600676352645,4.893103353274971,Inside 3PT,1,18.873600676352645,4.893103353274971,-0.22854812829313592,4.826177436016861
11.753552190194291,37.5960560125399,3PT,0,11.753552190194291,37.5960560125399,-0.30110603018089027,4.3387900338089
15.174046519242431,8.39159911655368,Inside 3PT,1,15.174046519242431,8.39159911655368,0.23438712803751188,5.310515333662236
-10.898271371434676,30.679067069038112,3PT,0,-10.898271371434676,30.679067069038112,-0.49919271959414574,4.750103532459098
-16.128022811013857,11.194590709196147,Inside 3PT,1,-16.128022811013857,11.194590709196147,0.15089594990973298,4.745349839430693
12.530737582042917,4.673745459689222,Inside 3PT,0,12.530737582042917,4.673745459689222,0.38304013919234514,4.586052641743541
15.341736963363203,11.429092976974342,Inside 3PT,0,15.341736963363203,11.429092976974342,0.6134666119421538,4.82759534192949
24.525257100033663,33.94654579721598,3PT,1,24.525257100033663,33.94654579721598,-0.05007703823997639,5.162549132333817
-4.369116154428674,40.21773400099543,3PT,1,-4.369116154428674,40.21773400099543,-0.10183687508848294,4.3164348921445495
-6.399095710360843,39.02033363464861,3PT,1,-6.399095710360843,39.02033363464861,-0.4389912933782805,4.420941755462372
13.820648037099843,18.667625892067377,Inside 3PT,0,13.820648037099843,18.667625892067377,-0.41344017701993,4.598136985611668
-7.959822987349106,31.40000141882037,3PT,1,-7.959822987349106,31.40000141882037,-0.11323944595076338,4.077064538263393
21.537866280178235,9.634261884543585,Inside 3PT,0,21.537866280178235,9.634261884543585,0.18368275340808904,4.340371070139251
17.92063759215059,13.777943322267623,Inside 3PT,1,17.92063759215059,13.777943322267623,0.4567923131166247,4.511889563227671
-3.550298631249081,42.12778347049263,3PT,1,-3.550298631249081,42.12778347049263,-0.4015894753401724,5.187194590356364
12.543553389574868,0.6110904050045937,Inside 3PT,0,12.543553389574868,0.6110904050045937,0.7463442844797609,4.881280664500962
12.727143704234116,4.01890095016,Inside 3PT,0,12.727143704234116,4.01890095016,-0.1355618005212844,4.846794955683772
-19.84380655820337,9.770653991863284,Inside 3PT,1,-19.84380655820337,9.770653991863284,-0.010683647174218078,5.175448981083986
20.127645333978336,1.2470135820695267,Inside 3PT,1,20.127645333978336,1.2470135820695267,-0.3736058395739117,4.681314105800301
0.26261862239285705,8.527465449220474,Layup,1,0.26261862239285705,8.527465449220474,-1.2121201301364708,4.945232424964445
16.322873305387084,27.40295336557553,3PT,0,16.322873305387084,27.40295336557553,0.44202269818052486,4.698389123533752
-8.997519948469414,19.806953877847402,Inside 3PT,0,-8.997519948469414,19.806953877847402,0.3684219485462167,4.882681174699814
19.776161424810027,41.95557042061782,3PT,0,19.776161424810027,41.95557042061782,-0.1406637785591067,4.458620671194209
-5.5399160632918445,38.419847401706726,3PT,0,-5.5399160632918445,38.419847401706726,0.03349535861243596,3.5305914208617857
-24.458117425985083,16.06541552980017,3PT,0,-24.458117425985083,16.06541552980017,0.2579696088520497,4.682860418906848
20.26909882096318,12.192901371270747,Inside 3PT,0,20.26909882096318,12.192901371270747,-0.7812729284432713,5.46137406804997
-20.435666160693323,17.845543183861544,3PT,0,-20.435666160693323,17.845543183861544,-0.2645263386731474,5.213107701120796
-9.034318120479256,27.743862298195964,3PT,1,-9.034318120479256,27.743862298195964,0.39713233981091356,5.232698742295585
22.50309835254025,12.598991118675183,3PT,1,22.50309835254025,12.598991118675183,-0.6271447115846247,5.368065360903109
22.530357346877807,29.3349986689093,3PT,1,22.530357346877807,29.3349986689093,0.14677896608331464,4.794328795480719
3.6718944061643057,19.2423476529883,Inside 3PT,1,3.6718944061643057,19.2423476529883,-0.6782909023117025,4.848657853702798
6.591860608489963,25.946217500043073,Inside 3PT,0,6.591860608489963,25.946217500043073,0.23321499121676317,4.441174052282825
-2.57772390108401,20.497946869359886,Inside 3PT,0,-2.57772390108401,20.497946869359886,-0.017820741148741784,4.591963571986475
-10.339461415096773,13.83989069847013,Inside 3PT,1,-10.339461415096773,13.83989069847013,-0.8075659079527547,5.057885574885571
-8.566772731504201,44.57730542722136,3PT,1,-8.566772731504201,44.57730542722136,0.5823696772285857,5.3519422185844086
8.625922803851921,35.889472325508756,3PT,0,8.625922803851921,35.889472325508756,-0.3672957883990246,4.6802768621595
12.618726471884003,6.58531926102327,Inside 3PT,0,12.618726471884003,6.58531926102327,-0.4051262185071905,4.524905367574294
14.578952186292426,40.817994867201904,3PT,1,14.578952186292426,40.817994867201904,0.10028459861547143,4.750263979428299
14.480907139727691,22.90926631772714,Inside 3PT,0,14.480907139727691,22.90926631772714,0.5743186747143576,5.050603374464558
-20.439694847565484,42.043954664022294,3PT,1,-20.439694847565484,42.043954664022294,-0.5079109094891985,4.028072591933229
-0.27898476487092694,37.593197029523814,3PT,1,-0.27898476487092694,37.593197029523814,0.030839924923985827,3.601909523431381
-22.122061999167787,19.985034710053974,3PT,0,-22.122061999167787,19.985034710053974,0.21440825016528647,4.474731575254208
2.4764441161867765,1.0560574910455176,Layup,0,2.4764441161867765,1.0560574910455176,0.34655280363157204,4.139643787042921
-2.9234749313311497,12.627835891092467,Inside 3PT,1,-2.9234749313311497,12.627835891092467,0.0882207776386126,4.4959299011763445
19.38520913791499,25.456808089060747,3PT,0,19.38520913791499,25.456808089060747,-0.18351391954166116,4.676109840591264
-7.454249372396067,29.77347633182892,3PT,0,-7.454249372396067,29.77347633182892,-0.41379511032435984,4.5233757954884934
-19.146649178619707,12.120721215360508,Inside 3PT,0,-19.146649178619707,12.120721215360508,0.04307194152318738,5.476233767235373
-17.850415897358207,6.549735481422735,Inside 3PT,0,-17.850415897358207,6.549735481422735,-0.5360695059928035,4.91337238230116
13.075531585873613,39.24172112956706,3PT,0,13.075531585873613,39.24172112956706,-1.4606752417473037,4.900237179805414
5.910903165813053,46.26690249306695,3PT,0,5.910903165813053,46.26690249306695,0.2182799020788339,5.061103572021701
-19.943866193860487,24.707438568226234,3PT,0,-19.943866193860487,24.707438568226234,0.45196742054309763,4.180583441109615
-20.79465969425013,8.068926434870264,Inside 3PT,1,-20.79465969425013,8.068926434870264,-1.1814662177709192,5.269555893710134
10.048456572955999,12.79844434641034,Inside 3PT,1,10.048456572955999,12.79844434641034,-0.5048653523549688,4.71211785673227
-21.361849681790325,0.8643617977309365,Inside 3PT,1,-21.361849681790325,0.8643617977309365,0.3095771305025989,5.085240308620606
16.093002964517808,42.97204390834345,3PT,0,16.093002964517808,42.97204390834345,1.0287477348558494,4.214071383479922
10.312111357824811,5.534300895836633,Inside 3PT,1,10.312111357824811,5.534300895836633,0.010396853837703947,3.973120616991968
-20.93256096790501,27.096274349169917,3PT,0,-20.93256096790501,27.096274349169917,-0.3640014706145672,5.158944829012515
-20.758114295740405,12.880595372298682,Inside 3PT,0,-20.758114295740405,12.880595372298682,-0.09144822055242008,4.938204763048758
24.33197892505877,26.04636611824229,3PT,1,24.33197892505877,26.04636611824229,0.6874382095740924,4.298974222821244
-6.286460212193983,30.61675825253762,3PT,0,-6.286460212193983,30.61675825253762,-0.32298208956226765,4.315168459362653
-6.467892646655454,38.99786477423848,3PT,0,-6.467892646655454,38.99786477423848,-0.3995960033251268,5.312717392207385
15.639978362875127,9.70179977274835,Inside 3PT,0,15.639978362875127,9.70179977274835,-0.2413717610910162,4.155294053566336
22.362428869192932,0.5168039469485824,Inside 3PT,1,22.362428869192932,0.5168039469485824,-0.4766643041293562,5.571336476627982
24.300053191143547,6.433624613233942,3PT,0,24.300053191143547,6.433624613233942,0.06133515799739776,4.299689632676065
12.668909262947082,42.30087616686094,3PT,0,12.668909262947082,42.30087616686094,0.8123392292347803,5.069195962804192
-6.187020723454211,41.072833645438216,3PT,0,-6.187020723454211,41.072833645438216,0.16153963655801454,4.585690762125508
-20.82496416506656,28.07841580200449,3PT,0,-20.82496416506656,28.07841580200449,-0.1261767510631438,5.051593715541172
13.857345796371838,28.22429244038171,3PT,0,13.857345796371838,28.22429244038171,-0.14590563445777205,4.477942998942904
2.920212486790252,31.25672370367401,3PT,0,2.920212486790252,31.25672370367401,-0.7815954043483285,4.668603546963853
-3.7888995376511865,8.24245009530213,Inside 3PT,0,-3.7888995376511865,8.24245009530213,0.4415548885735795,4.770459587697861
20.3177192547368,42.97736145847311,3PT,0,20.3177192547368,42.97736145847311,-0.03891859850640102,4.248906272109264
-19.440125884692435,19.682214669927436,3PT,1,-19.440125884692435,19.682214669927436,-0.09023995679531283,5.120412172710063
-0.3687447854570429,18.00751082772638,Inside 3PT,0,-0.3687447854570429,18.00751082772638,1.5965537839224304,4.493393216764208
-24.432317761629047,24.389132148293363,3PT,0,-24.432317761629047,24.389132148293363,0.14937645418284312,4.635700042329991
-1.5669679002936867,2.2074004384275874,Layup,0,-1.5669679002936867,2.2074004384275874,-0.37589552504759216,4.252825312695744
-22.18483621590813,7.815318331535732,Inside 3PT,1,-22.18483621590813,7.815318331535732,-0.21317879810277165,3.4688331706023448
-19.059104186596404,34.68757997203941,3PT,0,-19.059104186596404,34.68757997203941,0.5742228545983774,4.654486118699915
-19.123687661144757,3.891537392480944,Inside 3PT,1,-19.123687661144757,3.891537392480944,0.05663520526888223,5.956307710806458
7.460515105803175,28.348149144920246,3PT,0,7.460515105803175,28.348149144920246,-0.7191389891586834,5.142302143949012
12.302243963271167,11.531408155022085,Inside 3PT,1,12.302243963271167,11.531408155022085,0.45961446728760175,4.740369810132803
4.168438254857982,18.296893859972897,Inside 3PT,0,4.168438254857982,18.296893859972897,-0.334072042769497,4.6185545853958665
23.108627423727093,13.568605628222894,3PT,0,23.108627423727093,13.568605628222894,0.9366488881087728,4.7612329464060235
-6.256471023814797,16.71661767385261,Inside 3PT,1,-6.256471023814797,16.71661767385261,0.5400240328573243,5.023559557587605
-10.714395685906963,33.795157543659535,3PT,0,-10.714395685906963,33.795157543659535,-0.2236609478293756,4.159593592345578
18.429956409473014,13.964720634289225,Inside 3PT,1,18.429956409473014,13.964720634289225,0.6405081808675565,5.307160847334436
-13.820208074027368,26.621018093954167,3PT,0,-13.820208074027368,26.621018093954167,0.03392775526370165,5.107690657720622
23.161126972030566,22.374368903357684,3PT,0,23.161126972030566,22.374368903357684,0.42638683756110973,5.109092862853967
-24.39227626550918,31.192544772044464,3PT,0,-24.39227626550918,31.192544772044464,0.24236640864723738,4.969237869404863
23.493941335381955,44.03099774826362,3PT,0,23.493941335381955,44.03099774826362,-0.42317832749543677,4.759808328846995
-22.842004402471193,34.43088856888176,3PT,0,-22.842004402471193,34.43088856888176,-0.321774916158731,5.08643061798341
19.557155684903556,10.102197793765567,Inside 3PT,1,19.557155684903556,10.102197793765567,0.5149804087905806,5.045907066870689
1.385055454314994,1.4656073478803795,Layup,1,1.385055454314994,1.4656073478803795,-0.16738766605327043,4.572979644529488
24.64823980596502,12.32641008209178,3PT,0,24.64823980596502,12.32641008209178,-0.20182423162099836,4.46319911355155
-21.310171763230056,27.968662742911977,3PT,0,-21.310171763230056,27.968662742911977,-0.4775612896746765,4.8009281476309935
2.6927142200660406,2.4170132337597665,Layup,0,2.6927142200660406,2.4170132337597665,0.21179953279673053,5.524510075747593
23.465126780954947,23.32921361845811,3PT,0,23.465126780954947,23.32921361845811,1.0312624596215725,4.130446462173049
1.154892208507441,28.051613899093795,Inside 3PT,1,1.154892208507441,28.051613899093795,-0.5337664571271364,4.01623736712378
6.469931906763126,15.709462868397159,Inside 3PT,0,6.469931906763126,15.709462868397159,0.012109728336379034,4.832380420618258
9.787434449230858,36.23287357605363,3PT,1,9.787434449230858,36.23287357605363,0.7061102777077146,4.775443850928009
-2.272946761611337,5.010117897287275,Layup,1,-2.272946761611337,5.010117897287275,-0.039820695622857574,4.836670832185204
6.377904004203174,3.531475741583012,Inside 3PT,1,6.377904004203174,3.531475741583012,0.22618589812486695,4.87197659895425
4.215715596155011,34.22487154156936,3PT,1,4.215715596155011,34.22487154156936,-0.5311967640734399,4.638398872682598
20.057900524549446,23.288091861691328,3PT,0,20.057900524549446,23.288091861691328,0.2141535486038243,5.494931719301041
-22.727680982927104,32.35491263210359,3PT,0,-22.727680982927104,32.35491263210359,-0.09357213250227439,3.9495480107617422
-10.951840520388483,20.436884914376073,Inside 3PT,0,-10.951840520388483,20.436884914376073,0.4928649978399315,4.335751487609877
22.520574203827934,11.58089556223802,Inside 3PT,1,22.520574203827934,11.58089556223802,0.5936930257823756,4.698372619925476
19.513189194545816,38.497808930687384,3PT,0,19.513189194545816,38.497808930687384,1.294781821009307,3.9284055944229164
-2.2171623607143545,37.57254631154203,3PT,1,-2.2171623607143545,37.57254631154203,0.28981658660678783,4.662072797783964
6.006629890076837,32.65073413015806,3PT,0,6.006629890076837,32.65073413015806,0.16289815829108323,5.580735082864009
-11.130940850943366,12.790821449808247,Inside 3PT,1,-11.130940850943366,12.790821449808247,0.09719215078866801,4.7604432441479805
-15.593942013811935,27.740841342847094,3PT,1,-15.593942013811935,27.740841342847094,-0.17658314640534417,4.865350452859341
-1.8150797530008909,16.96577315618126,Inside 3PT,0,-1.8150797530008909,16.96577315618126,0.16924192173084557,4.1199176174137095
-7.33238859869736,4.304357446351805,Inside 3PT,0,-7.33238859869736,4.304357446351805,-0.14770070506951472,4.441819295980261
4.182805592543602,43.11373804672541,3PT,0,4.182805592543602,43.11373804672541,0.08423048813480714,4.562401809838032
-21.11326815175076,6.430475653191186,Inside 3PT,0,-21.11326815175076,6.430475653191186,0.6587987678039798,4.591142451621883
23.719740383308327,44.66115562957771,3PT,0,23.719740383308327,44.66115562957771,-0.5032712826398206,5.390821897501884
24.31053722398014,20.96227132902392,3PT,0,24.31053722398014,20.96227132902392,0.5699392805645227,5.028845530362562
